{
    "classStart": [
        0,
        0.16666666666666666,
        0.3333333333333333,
        0.5,
        0.6666666666666666,
        0.8333333333333333
    ],
    "classEnd": [
        0.16666666666666666,
        0.3333333333333333,
        0.5,
        0.6666666666666666,
        0.8333333333333333,
        1
    ],
    "classLength": [
        1,
        1,
        1,
        1,
        1,
        1
    ],
    "observedFrequencies": [
        4,
        9,
        20,
        9,
        7,
        1
    ]
}